<?xml version="1.0" encoding="ISO-8859-1" ?>
<link_info>
   <banner>TI ARM Linker PC v20.2.5.LTS</banner>
   <copyright>Copyright (c) 1996-2018 Texas Instruments Incorporated</copyright>
   <link_time>0x60b09b2a</link_time>
   <link_errors>0x0</link_errors>
   <output_file>UlltimoProyecto.out</output_file>
   <entry_point>
      <name>_c_int00_noinit_noargs</name>
      <address>0x989</address>
   </entry_point>
   <input_file_list>
      <input_file id="fl-2">
         <path>.\</path>
         <kind>object</kind>
         <file>main.obj</file>
         <name>main.obj</name>
      </input_file>
      <input_file id="fl-3">
         <path>.\</path>
         <kind>object</kind>
         <file>tm4c123gh6pm_startup_ccs.obj</file>
         <name>tm4c123gh6pm_startup_ccs.obj</name>
      </input_file>
      <input_file id="fl-8">
         <kind>object</kind>
         <file>&lt;internal&gt;</file>
         <name>&lt;internal&gt;</name>
      </input_file>
      <input_file id="fl-9">
         <path>C:\ti\TivaWare_C_Series-2.1.4.178\driverlib\ccs\Debug\</path>
         <kind>archive</kind>
         <file>driverlib.lib</file>
         <name>gpio.obj</name>
      </input_file>
      <input_file id="fl-a">
         <path>C:\ti\TivaWare_C_Series-2.1.4.178\driverlib\ccs\Debug\</path>
         <kind>archive</kind>
         <file>driverlib.lib</file>
         <name>interrupt.obj</name>
      </input_file>
      <input_file id="fl-b">
         <path>C:\ti\TivaWare_C_Series-2.1.4.178\driverlib\ccs\Debug\</path>
         <kind>archive</kind>
         <file>driverlib.lib</file>
         <name>sysctl.obj</name>
      </input_file>
      <input_file id="fl-c">
         <path>C:\ti\TivaWare_C_Series-2.1.4.178\driverlib\ccs\Debug\</path>
         <kind>archive</kind>
         <file>driverlib.lib</file>
         <name>uart.obj</name>
      </input_file>
      <input_file id="fl-d">
         <path>C:\ti\TivaWare_C_Series-2.1.4.178\driverlib\ccs\Debug\</path>
         <kind>archive</kind>
         <file>driverlib.lib</file>
         <name>cpu.obj</name>
      </input_file>
      <input_file id="fl-c3">
         <path>E:\ccs\tools\compiler\ti-cgt-arm_20.2.5.LTS\lib\</path>
         <kind>archive</kind>
         <file>rtsv7M4_T_le_v4SPD16_eabi.lib</file>
         <name>copy_zero_init.c.obj</name>
      </input_file>
      <input_file id="fl-c4">
         <path>E:\ccs\tools\compiler\ti-cgt-arm_20.2.5.LTS\lib\</path>
         <kind>archive</kind>
         <file>rtsv7M4_T_le_v4SPD16_eabi.lib</file>
         <name>copy_decompress_none.c.obj</name>
      </input_file>
      <input_file id="fl-c5">
         <path>E:\ccs\tools\compiler\ti-cgt-arm_20.2.5.LTS\lib\</path>
         <kind>archive</kind>
         <file>rtsv7M4_T_le_v4SPD16_eabi.lib</file>
         <name>copy_decompress_lzss.c.obj</name>
      </input_file>
      <input_file id="fl-c6">
         <path>E:\ccs\tools\compiler\ti-cgt-arm_20.2.5.LTS\lib\</path>
         <kind>archive</kind>
         <file>rtsv7M4_T_le_v4SPD16_eabi.lib</file>
         <name>boot_cortex_m.c.obj</name>
      </input_file>
      <input_file id="fl-c7">
         <path>E:\ccs\tools\compiler\ti-cgt-arm_20.2.5.LTS\lib\</path>
         <kind>archive</kind>
         <file>rtsv7M4_T_le_v4SPD16_eabi.lib</file>
         <name>memcpy_t2.asm.obj</name>
      </input_file>
      <input_file id="fl-c8">
         <path>E:\ccs\tools\compiler\ti-cgt-arm_20.2.5.LTS\lib\</path>
         <kind>archive</kind>
         <file>rtsv7M4_T_le_v4SPD16_eabi.lib</file>
         <name>memset_t2.asm.obj</name>
      </input_file>
      <input_file id="fl-c9">
         <path>E:\ccs\tools\compiler\ti-cgt-arm_20.2.5.LTS\lib\</path>
         <kind>archive</kind>
         <file>rtsv7M4_T_le_v4SPD16_eabi.lib</file>
         <name>autoinit.c.obj</name>
      </input_file>
      <input_file id="fl-ca">
         <path>E:\ccs\tools\compiler\ti-cgt-arm_20.2.5.LTS\lib\</path>
         <kind>archive</kind>
         <file>rtsv7M4_T_le_v4SPD16_eabi.lib</file>
         <name>pre_init.c.obj</name>
      </input_file>
      <input_file id="fl-cb">
         <path>E:\ccs\tools\compiler\ti-cgt-arm_20.2.5.LTS\lib\</path>
         <kind>archive</kind>
         <file>rtsv7M4_T_le_v4SPD16_eabi.lib</file>
         <name>cpy_tbl.c.obj</name>
      </input_file>
      <input_file id="fl-cc">
         <path>E:\ccs\tools\compiler\ti-cgt-arm_20.2.5.LTS\lib\</path>
         <kind>archive</kind>
         <file>rtsv7M4_T_le_v4SPD16_eabi.lib</file>
         <name>exit.c.obj</name>
      </input_file>
      <input_file id="fl-cd">
         <path>E:\ccs\tools\compiler\ti-cgt-arm_20.2.5.LTS\lib\</path>
         <kind>archive</kind>
         <file>rtsv7M4_T_le_v4SPD16_eabi.lib</file>
         <name>_lock.c.obj</name>
      </input_file>
      <input_file id="fl-ce">
         <path>E:\ccs\tools\compiler\ti-cgt-arm_20.2.5.LTS\lib\</path>
         <kind>archive</kind>
         <file>rtsv7M4_T_le_v4SPD16_eabi.lib</file>
         <name>args_main.c.obj</name>
      </input_file>
   </input_file_list>
   <object_component_list>
      <object_component id="oc-12">
         <name>.intvecs</name>
         <load_address>0x0</load_address>
         <run_address>0x0</run_address>
         <size>0x26c</size>
         <input_file_ref idref="fl-3"/>
      </object_component>
      <object_component id="oc-9b">
         <name>.text</name>
         <load_address>0x26c</load_address>
         <run_address>0x26c</run_address>
         <size>0x320</size>
         <input_file_ref idref="fl-2"/>
      </object_component>
      <object_component id="oc-160">
         <name>.text:GPIOPadConfigSet</name>
         <load_address>0x58c</load_address>
         <run_address>0x58c</run_address>
         <size>0x132</size>
         <input_file_ref idref="fl-9"/>
      </object_component>
      <object_component id="oc-db">
         <name>.text:SysCtlClockGet</name>
         <load_address>0x6c0</load_address>
         <run_address>0x6c0</run_address>
         <size>0x110</size>
         <input_file_ref idref="fl-b"/>
      </object_component>
      <object_component id="oc-c3">
         <name>.text:SysCtlClockSet</name>
         <load_address>0x7d0</load_address>
         <run_address>0x7d0</run_address>
         <size>0xf4</size>
         <input_file_ref idref="fl-b"/>
      </object_component>
      <object_component id="oc-cf">
         <name>.text:GPIOPinConfigure</name>
         <load_address>0x8c4</load_address>
         <run_address>0x8c4</run_address>
         <size>0x48</size>
         <input_file_ref idref="fl-9"/>
      </object_component>
      <object_component id="oc-e1">
         <name>.text:UARTConfigSetExpClk</name>
         <load_address>0x90c</load_address>
         <run_address>0x90c</run_address>
         <size>0x46</size>
         <input_file_ref idref="fl-c"/>
      </object_component>
      <object_component id="oc-c9">
         <name>.text:SysCtlPeripheralEnable</name>
         <load_address>0x954</load_address>
         <run_address>0x954</run_address>
         <size>0x34</size>
         <input_file_ref idref="fl-b"/>
      </object_component>
      <object_component id="oc-53">
         <name>.text:_c_int00_noinit_noargs:_c_int00_noinit_noargs</name>
         <load_address>0x988</load_address>
         <run_address>0x988</run_address>
         <size>0x2c</size>
         <input_file_ref idref="fl-c6"/>
      </object_component>
      <object_component id="oc-15a">
         <name>.text:GPIODirModeSet</name>
         <load_address>0x9b4</load_address>
         <run_address>0x9b4</run_address>
         <size>0x2a</size>
         <input_file_ref idref="fl-9"/>
      </object_component>
      <object_component id="oc-16b">
         <name>.text:UARTDisable</name>
         <load_address>0x9e0</load_address>
         <run_address>0x9e0</run_address>
         <size>0x20</size>
         <input_file_ref idref="fl-c"/>
      </object_component>
      <object_component id="oc-f3">
         <name>.text:GPIOPinTypeGPIOOutput</name>
         <load_address>0xa00</load_address>
         <run_address>0xa00</run_address>
         <size>0x18</size>
         <input_file_ref idref="fl-9"/>
      </object_component>
      <object_component id="oc-171">
         <name>.text:UARTEnable</name>
         <load_address>0xa18</load_address>
         <run_address>0xa18</run_address>
         <size>0x14</size>
         <input_file_ref idref="fl-c"/>
      </object_component>
      <object_component id="oc-ed">
         <name>.text:GPIOPinTypeGPIOInput</name>
         <load_address>0xa2c</load_address>
         <run_address>0xa2c</run_address>
         <size>0x12</size>
         <input_file_ref idref="fl-9"/>
      </object_component>
      <object_component id="oc-d5">
         <name>.text:GPIOPinTypeUART</name>
         <load_address>0xa3e</load_address>
         <run_address>0xa3e</run_address>
         <size>0x12</size>
         <input_file_ref idref="fl-9"/>
      </object_component>
      <object_component id="oc-27">
         <name>.text</name>
         <load_address>0xa50</load_address>
         <run_address>0xa50</run_address>
         <size>0xc</size>
         <input_file_ref idref="fl-3"/>
      </object_component>
      <object_component id="oc-ff">
         <name>.text:UARTCharPut</name>
         <load_address>0xa5c</load_address>
         <run_address>0xa5c</run_address>
         <size>0xa</size>
         <input_file_ref idref="fl-c"/>
      </object_component>
      <object_component id="oc-f9">
         <name>.text:GPIOPinRead</name>
         <load_address>0xa66</load_address>
         <run_address>0xa66</run_address>
         <size>0x6</size>
         <input_file_ref idref="fl-9"/>
      </object_component>
      <object_component id="oc-105">
         <name>.text:GPIOPinWrite</name>
         <load_address>0xa6c</load_address>
         <run_address>0xa6c</run_address>
         <size>0x6</size>
         <input_file_ref idref="fl-9"/>
      </object_component>
      <object_component id="oc-10b">
         <name>.text:SysCtlDelay</name>
         <load_address>0xa72</load_address>
         <run_address>0xa72</run_address>
         <size>0x6</size>
         <input_file_ref idref="fl-b"/>
      </object_component>
      <object_component id="oc-e7">
         <name>.text:UARTIntClear</name>
         <load_address>0xa78</load_address>
         <run_address>0xa78</run_address>
         <size>0x4</size>
         <input_file_ref idref="fl-c"/>
      </object_component>
      <object_component id="oc-95">
         <name>.text:_system_pre_init</name>
         <load_address>0xa7c</load_address>
         <run_address>0xa7c</run_address>
         <size>0x4</size>
         <input_file_ref idref="fl-ca"/>
      </object_component>
      <object_component id="oc-10d">
         <name>.text:abort:abort</name>
         <load_address>0xa80</load_address>
         <run_address>0xa80</run_address>
         <size>0x4</size>
         <input_file_ref idref="fl-cc"/>
      </object_component>
      <object_component id="oc-155">
         <name>.const:g_pui32GPIOBaseAddrs</name>
         <load_address>0xa84</load_address>
         <run_address>0xa84</run_address>
         <size>0x90</size>
         <input_file_ref idref="fl-9"/>
      </object_component>
      <object_component id="oc-167">
         <name>.const:g_pui32Xtals</name>
         <load_address>0xb14</load_address>
         <run_address>0xb14</run_address>
         <size>0x6c</size>
         <input_file_ref idref="fl-b"/>
      </object_component>
      <object_component id="oc-24">
         <name>.stack</name>
         <uninitialized>true</uninitialized>
         <run_address>0x20000000</run_address>
         <size>0x4</size>
         <input_file_ref idref="fl-c6"/>
      </object_component>
      <object_component id="oc-212">
         <name>.stack</name>
         <uninitialized>true</uninitialized>
         <run_address>0x20000000</run_address>
         <size>0x0</size>
      </object_component>
      <object_component id="oc-b2">
         <name>.debug_info</name>
         <load_address>0x0</load_address>
         <run_address>0x0</run_address>
         <size>0x53d</size>
         <input_file_ref idref="fl-2"/>
      </object_component>
      <object_component id="oc-9f">
         <name>.debug_info</name>
         <load_address>0x53d</load_address>
         <run_address>0x53d</run_address>
         <size>0x7a8</size>
         <input_file_ref idref="fl-2"/>
      </object_component>
      <object_component id="oc-70">
         <name>.debug_info</name>
         <load_address>0xce5</load_address>
         <run_address>0xce5</run_address>
         <size>0x26b</size>
         <input_file_ref idref="fl-2"/>
      </object_component>
      <object_component id="oc-36">
         <name>.debug_info</name>
         <load_address>0xf50</load_address>
         <run_address>0xf50</run_address>
         <size>0x84</size>
         <input_file_ref idref="fl-2"/>
      </object_component>
      <object_component id="oc-ad">
         <name>.debug_info</name>
         <load_address>0xfd4</load_address>
         <run_address>0xfd4</run_address>
         <size>0x2a4</size>
         <input_file_ref idref="fl-2"/>
      </object_component>
      <object_component id="oc-75">
         <name>.debug_info</name>
         <load_address>0x1278</load_address>
         <run_address>0x1278</run_address>
         <size>0xbb</size>
         <input_file_ref idref="fl-2"/>
      </object_component>
      <object_component id="oc-2f">
         <name>.debug_info</name>
         <load_address>0x1333</load_address>
         <run_address>0x1333</run_address>
         <size>0x2e0</size>
         <input_file_ref idref="fl-3"/>
      </object_component>
      <object_component id="oc-13">
         <name>.debug_info</name>
         <load_address>0x1613</load_address>
         <run_address>0x1613</run_address>
         <size>0x11f</size>
         <input_file_ref idref="fl-3"/>
      </object_component>
      <object_component id="oc-28">
         <name>.debug_info</name>
         <load_address>0x1732</load_address>
         <run_address>0x1732</run_address>
         <size>0x29b</size>
         <input_file_ref idref="fl-3"/>
      </object_component>
      <object_component id="oc-159">
         <name>.debug_info</name>
         <load_address>0x19cd</load_address>
         <run_address>0x19cd</run_address>
         <size>0x240</size>
         <input_file_ref idref="fl-9"/>
      </object_component>
      <object_component id="oc-156">
         <name>.debug_info</name>
         <load_address>0x1c0d</load_address>
         <run_address>0x1c0d</run_address>
         <size>0x15b</size>
         <input_file_ref idref="fl-9"/>
      </object_component>
      <object_component id="oc-106">
         <name>.debug_info</name>
         <load_address>0x1d68</load_address>
         <run_address>0x1d68</run_address>
         <size>0x2a3</size>
         <input_file_ref idref="fl-9"/>
      </object_component>
      <object_component id="oc-15b">
         <name>.debug_info</name>
         <load_address>0x200b</load_address>
         <run_address>0x200b</run_address>
         <size>0x2b3</size>
         <input_file_ref idref="fl-9"/>
      </object_component>
      <object_component id="oc-161">
         <name>.debug_info</name>
         <load_address>0x22be</load_address>
         <run_address>0x22be</run_address>
         <size>0x316</size>
         <input_file_ref idref="fl-9"/>
      </object_component>
      <object_component id="oc-d6">
         <name>.debug_info</name>
         <load_address>0x25d4</load_address>
         <run_address>0x25d4</run_address>
         <size>0x27b</size>
         <input_file_ref idref="fl-9"/>
      </object_component>
      <object_component id="oc-f4">
         <name>.debug_info</name>
         <load_address>0x284f</load_address>
         <run_address>0x284f</run_address>
         <size>0x2b7</size>
         <input_file_ref idref="fl-9"/>
      </object_component>
      <object_component id="oc-ee">
         <name>.debug_info</name>
         <load_address>0x2b06</load_address>
         <run_address>0x2b06</run_address>
         <size>0x285</size>
         <input_file_ref idref="fl-9"/>
      </object_component>
      <object_component id="oc-fa">
         <name>.debug_info</name>
         <load_address>0x2d8b</load_address>
         <run_address>0x2d8b</run_address>
         <size>0x27b</size>
         <input_file_ref idref="fl-9"/>
      </object_component>
      <object_component id="oc-d0">
         <name>.debug_info</name>
         <load_address>0x3006</load_address>
         <run_address>0x3006</run_address>
         <size>0x280</size>
         <input_file_ref idref="fl-9"/>
      </object_component>
      <object_component id="oc-17e">
         <name>.debug_info</name>
         <load_address>0x3286</load_address>
         <run_address>0x3286</run_address>
         <size>0x8b</size>
         <input_file_ref idref="fl-9"/>
      </object_component>
      <object_component id="oc-14e">
         <name>.debug_info</name>
         <load_address>0x3311</load_address>
         <run_address>0x3311</run_address>
         <size>0x18b</size>
         <input_file_ref idref="fl-9"/>
      </object_component>
      <object_component id="oc-153">
         <name>.debug_info</name>
         <load_address>0x349c</load_address>
         <run_address>0x349c</run_address>
         <size>0x298</size>
         <input_file_ref idref="fl-b"/>
      </object_component>
      <object_component id="oc-168">
         <name>.debug_info</name>
         <load_address>0x3734</load_address>
         <run_address>0x3734</run_address>
         <size>0x14d</size>
         <input_file_ref idref="fl-b"/>
      </object_component>
      <object_component id="oc-cc">
         <name>.debug_info</name>
         <load_address>0x3881</load_address>
         <run_address>0x3881</run_address>
         <size>0x27d</size>
         <input_file_ref idref="fl-b"/>
      </object_component>
      <object_component id="oc-c5">
         <name>.debug_info</name>
         <load_address>0x3afe</load_address>
         <run_address>0x3afe</run_address>
         <size>0x2db</size>
         <input_file_ref idref="fl-b"/>
      </object_component>
      <object_component id="oc-dd">
         <name>.debug_info</name>
         <load_address>0x3dd9</load_address>
         <run_address>0x3dd9</run_address>
         <size>0x2b5</size>
         <input_file_ref idref="fl-b"/>
      </object_component>
      <object_component id="oc-1a6">
         <name>.debug_info</name>
         <load_address>0x408e</load_address>
         <run_address>0x408e</run_address>
         <size>0x5f</size>
         <input_file_ref idref="fl-b"/>
      </object_component>
      <object_component id="oc-178">
         <name>.debug_info</name>
         <load_address>0x40ed</load_address>
         <run_address>0x40ed</run_address>
         <size>0x227</size>
         <input_file_ref idref="fl-c"/>
      </object_component>
      <object_component id="oc-e9">
         <name>.debug_info</name>
         <load_address>0x4314</load_address>
         <run_address>0x4314</run_address>
         <size>0x28d</size>
         <input_file_ref idref="fl-c"/>
      </object_component>
      <object_component id="oc-173">
         <name>.debug_info</name>
         <load_address>0x45a1</load_address>
         <run_address>0x45a1</run_address>
         <size>0x247</size>
         <input_file_ref idref="fl-c"/>
      </object_component>
      <object_component id="oc-16d">
         <name>.debug_info</name>
         <load_address>0x47e8</load_address>
         <run_address>0x47e8</run_address>
         <size>0x249</size>
         <input_file_ref idref="fl-c"/>
      </object_component>
      <object_component id="oc-e3">
         <name>.debug_info</name>
         <load_address>0x4a31</load_address>
         <run_address>0x4a31</run_address>
         <size>0x326</size>
         <input_file_ref idref="fl-c"/>
      </object_component>
      <object_component id="oc-101">
         <name>.debug_info</name>
         <load_address>0x4d57</load_address>
         <run_address>0x4d57</run_address>
         <size>0x273</size>
         <input_file_ref idref="fl-c"/>
      </object_component>
      <object_component id="oc-25">
         <name>.debug_info</name>
         <load_address>0x4fca</load_address>
         <run_address>0x4fca</run_address>
         <size>0x10b</size>
         <input_file_ref idref="fl-c6"/>
      </object_component>
      <object_component id="oc-55">
         <name>.debug_info</name>
         <load_address>0x50d5</load_address>
         <run_address>0x50d5</run_address>
         <size>0x1a2</size>
         <input_file_ref idref="fl-c6"/>
      </object_component>
      <object_component id="oc-99">
         <name>.debug_info</name>
         <load_address>0x5277</load_address>
         <run_address>0x5277</run_address>
         <size>0x153</size>
         <input_file_ref idref="fl-ca"/>
      </object_component>
      <object_component id="oc-111">
         <name>.debug_info</name>
         <load_address>0x53ca</load_address>
         <run_address>0x53ca</run_address>
         <size>0x122</size>
         <input_file_ref idref="fl-cc"/>
      </object_component>
      <object_component id="oc-213">
         <name>.debug_info</name>
         <load_address>0x54ec</load_address>
         <run_address>0x54ec</run_address>
         <size>0xd2</size>
      </object_component>
      <object_component id="oc-14c">
         <name>.debug_line</name>
         <load_address>0x0</load_address>
         <run_address>0x0</run_address>
         <size>0xc4</size>
         <input_file_ref idref="fl-2"/>
      </object_component>
      <object_component id="oc-9e">
         <name>.debug_line</name>
         <load_address>0xc4</load_address>
         <run_address>0xc4</run_address>
         <size>0x199</size>
         <input_file_ref idref="fl-2"/>
      </object_component>
      <object_component id="oc-73">
         <name>.debug_line</name>
         <load_address>0x25d</load_address>
         <run_address>0x25d</run_address>
         <size>0x64</size>
         <input_file_ref idref="fl-2"/>
      </object_component>
      <object_component id="oc-39">
         <name>.debug_line</name>
         <load_address>0x2c1</load_address>
         <run_address>0x2c1</run_address>
         <size>0x20</size>
         <input_file_ref idref="fl-2"/>
      </object_component>
      <object_component id="oc-b0">
         <name>.debug_line</name>
         <load_address>0x2e1</load_address>
         <run_address>0x2e1</run_address>
         <size>0x68</size>
         <input_file_ref idref="fl-2"/>
      </object_component>
      <object_component id="oc-78">
         <name>.debug_line</name>
         <load_address>0x349</load_address>
         <run_address>0x349</run_address>
         <size>0x65</size>
         <input_file_ref idref="fl-2"/>
      </object_component>
      <object_component id="oc-6f">
         <name>.debug_line</name>
         <load_address>0x3ae</load_address>
         <run_address>0x3ae</run_address>
         <size>0x41</size>
         <input_file_ref idref="fl-3"/>
      </object_component>
      <object_component id="oc-2e">
         <name>.debug_line</name>
         <load_address>0x3ef</load_address>
         <run_address>0x3ef</run_address>
         <size>0x41</size>
         <input_file_ref idref="fl-3"/>
      </object_component>
      <object_component id="oc-2c">
         <name>.debug_line</name>
         <load_address>0x430</load_address>
         <run_address>0x430</run_address>
         <size>0x9b</size>
         <input_file_ref idref="fl-3"/>
      </object_component>
      <object_component id="oc-1ae">
         <name>.debug_line</name>
         <load_address>0x4cb</load_address>
         <run_address>0x4cb</run_address>
         <size>0x82</size>
         <input_file_ref idref="fl-9"/>
      </object_component>
      <object_component id="oc-1ac">
         <name>.debug_line</name>
         <load_address>0x54d</load_address>
         <run_address>0x54d</run_address>
         <size>0x7d</size>
         <input_file_ref idref="fl-9"/>
      </object_component>
      <object_component id="oc-109">
         <name>.debug_line</name>
         <load_address>0x5ca</load_address>
         <run_address>0x5ca</run_address>
         <size>0x92</size>
         <input_file_ref idref="fl-9"/>
      </object_component>
      <object_component id="oc-15e">
         <name>.debug_line</name>
         <load_address>0x65c</load_address>
         <run_address>0x65c</run_address>
         <size>0x95</size>
         <input_file_ref idref="fl-9"/>
      </object_component>
      <object_component id="oc-164">
         <name>.debug_line</name>
         <load_address>0x6f1</load_address>
         <run_address>0x6f1</run_address>
         <size>0xd1</size>
         <input_file_ref idref="fl-9"/>
      </object_component>
      <object_component id="oc-da">
         <name>.debug_line</name>
         <load_address>0x7c2</load_address>
         <run_address>0x7c2</run_address>
         <size>0x93</size>
         <input_file_ref idref="fl-9"/>
      </object_component>
      <object_component id="oc-f7">
         <name>.debug_line</name>
         <load_address>0x855</load_address>
         <run_address>0x855</run_address>
         <size>0x99</size>
         <input_file_ref idref="fl-9"/>
      </object_component>
      <object_component id="oc-f1">
         <name>.debug_line</name>
         <load_address>0x8ee</load_address>
         <run_address>0x8ee</run_address>
         <size>0x93</size>
         <input_file_ref idref="fl-9"/>
      </object_component>
      <object_component id="oc-fd">
         <name>.debug_line</name>
         <load_address>0x981</load_address>
         <run_address>0x981</run_address>
         <size>0x92</size>
         <input_file_ref idref="fl-9"/>
      </object_component>
      <object_component id="oc-d3">
         <name>.debug_line</name>
         <load_address>0xa13</load_address>
         <run_address>0xa13</run_address>
         <size>0xa7</size>
         <input_file_ref idref="fl-9"/>
      </object_component>
      <object_component id="oc-181">
         <name>.debug_line</name>
         <load_address>0xaba</load_address>
         <run_address>0xaba</run_address>
         <size>0x20</size>
         <input_file_ref idref="fl-9"/>
      </object_component>
      <object_component id="oc-151">
         <name>.debug_line</name>
         <load_address>0xada</load_address>
         <run_address>0xada</run_address>
         <size>0x69</size>
         <input_file_ref idref="fl-9"/>
      </object_component>
      <object_component id="oc-1a5">
         <name>.debug_line</name>
         <load_address>0xb43</load_address>
         <run_address>0xb43</run_address>
         <size>0x13d</size>
         <input_file_ref idref="fl-b"/>
      </object_component>
      <object_component id="oc-1b2">
         <name>.debug_line</name>
         <load_address>0xc80</load_address>
         <run_address>0xc80</run_address>
         <size>0x7f</size>
         <input_file_ref idref="fl-b"/>
      </object_component>
      <object_component id="oc-cb">
         <name>.debug_line</name>
         <load_address>0xcff</load_address>
         <run_address>0xcff</run_address>
         <size>0x94</size>
         <input_file_ref idref="fl-b"/>
      </object_component>
      <object_component id="oc-c4">
         <name>.debug_line</name>
         <load_address>0xd93</load_address>
         <run_address>0xd93</run_address>
         <size>0xee</size>
         <input_file_ref idref="fl-b"/>
      </object_component>
      <object_component id="oc-dc">
         <name>.debug_line</name>
         <load_address>0xe81</load_address>
         <run_address>0xe81</run_address>
         <size>0x11a</size>
         <input_file_ref idref="fl-b"/>
      </object_component>
      <object_component id="oc-1a9">
         <name>.debug_line</name>
         <load_address>0xf9b</load_address>
         <run_address>0xf9b</run_address>
         <size>0x7f</size>
         <input_file_ref idref="fl-b"/>
      </object_component>
      <object_component id="oc-1b6">
         <name>.debug_line</name>
         <load_address>0x101a</load_address>
         <run_address>0x101a</run_address>
         <size>0x82</size>
         <input_file_ref idref="fl-c"/>
      </object_component>
      <object_component id="oc-ec">
         <name>.debug_line</name>
         <load_address>0x109c</load_address>
         <run_address>0x109c</run_address>
         <size>0x92</size>
         <input_file_ref idref="fl-c"/>
      </object_component>
      <object_component id="oc-176">
         <name>.debug_line</name>
         <load_address>0x112e</load_address>
         <run_address>0x112e</run_address>
         <size>0x93</size>
         <input_file_ref idref="fl-c"/>
      </object_component>
      <object_component id="oc-170">
         <name>.debug_line</name>
         <load_address>0x11c1</load_address>
         <run_address>0x11c1</run_address>
         <size>0x96</size>
         <input_file_ref idref="fl-c"/>
      </object_component>
      <object_component id="oc-e6">
         <name>.debug_line</name>
         <load_address>0x1257</load_address>
         <run_address>0x1257</run_address>
         <size>0xb3</size>
         <input_file_ref idref="fl-c"/>
      </object_component>
      <object_component id="oc-104">
         <name>.debug_line</name>
         <load_address>0x130a</load_address>
         <run_address>0x130a</run_address>
         <size>0x93</size>
         <input_file_ref idref="fl-c"/>
      </object_component>
      <object_component id="oc-6c">
         <name>.debug_line</name>
         <load_address>0x139d</load_address>
         <run_address>0x139d</run_address>
         <size>0x33</size>
         <input_file_ref idref="fl-c6"/>
      </object_component>
      <object_component id="oc-58">
         <name>.debug_line</name>
         <load_address>0x13d0</load_address>
         <run_address>0x13d0</run_address>
         <size>0x48</size>
         <input_file_ref idref="fl-c6"/>
      </object_component>
      <object_component id="oc-96">
         <name>.debug_line</name>
         <load_address>0x1418</load_address>
         <run_address>0x1418</run_address>
         <size>0x40</size>
         <input_file_ref idref="fl-ca"/>
      </object_component>
      <object_component id="oc-10f">
         <name>.debug_line</name>
         <load_address>0x1458</load_address>
         <run_address>0x1458</run_address>
         <size>0x3c</size>
         <input_file_ref idref="fl-cc"/>
      </object_component>
      <object_component id="oc-9c">
         <name>.debug_frame</name>
         <load_address>0x0</load_address>
         <run_address>0x0</run_address>
         <size>0x6c</size>
         <input_file_ref idref="fl-2"/>
      </object_component>
      <object_component id="oc-2b">
         <name>.debug_frame</name>
         <load_address>0x6c</load_address>
         <run_address>0x6c</run_address>
         <size>0x90</size>
         <input_file_ref idref="fl-3"/>
      </object_component>
      <object_component id="oc-10a">
         <name>.debug_frame</name>
         <load_address>0x1f4</load_address>
         <run_address>0x1f4</run_address>
         <size>0x7f</size>
         <input_file_ref idref="fl-9"/>
      </object_component>
      <object_component id="oc-15f">
         <name>.debug_frame</name>
         <load_address>0x273</load_address>
         <run_address>0x273</run_address>
         <size>0x7f</size>
         <input_file_ref idref="fl-9"/>
      </object_component>
      <object_component id="oc-165">
         <name>.debug_frame</name>
         <load_address>0x2f2</load_address>
         <run_address>0x2f2</run_address>
         <size>0x8f</size>
         <input_file_ref idref="fl-9"/>
      </object_component>
      <object_component id="oc-d9">
         <name>.debug_frame</name>
         <load_address>0x381</load_address>
         <run_address>0x381</run_address>
         <size>0x86</size>
         <input_file_ref idref="fl-9"/>
      </object_component>
      <object_component id="oc-f8">
         <name>.debug_frame</name>
         <load_address>0x407</load_address>
         <run_address>0x407</run_address>
         <size>0x8a</size>
         <input_file_ref idref="fl-9"/>
      </object_component>
      <object_component id="oc-f2">
         <name>.debug_frame</name>
         <load_address>0x491</load_address>
         <run_address>0x491</run_address>
         <size>0x86</size>
         <input_file_ref idref="fl-9"/>
      </object_component>
      <object_component id="oc-fe">
         <name>.debug_frame</name>
         <load_address>0x517</load_address>
         <run_address>0x517</run_address>
         <size>0x7f</size>
         <input_file_ref idref="fl-9"/>
      </object_component>
      <object_component id="oc-d4">
         <name>.debug_frame</name>
         <load_address>0x596</load_address>
         <run_address>0x596</run_address>
         <size>0x86</size>
         <input_file_ref idref="fl-9"/>
      </object_component>
      <object_component id="oc-ca">
         <name>.debug_frame</name>
         <load_address>0x61c</load_address>
         <run_address>0x61c</run_address>
         <size>0x7f</size>
         <input_file_ref idref="fl-b"/>
      </object_component>
      <object_component id="oc-c8">
         <name>.debug_frame</name>
         <load_address>0x69b</load_address>
         <run_address>0x69b</run_address>
         <size>0x93</size>
         <input_file_ref idref="fl-b"/>
      </object_component>
      <object_component id="oc-e0">
         <name>.debug_frame</name>
         <load_address>0x72e</load_address>
         <run_address>0x72e</run_address>
         <size>0x8e</size>
         <input_file_ref idref="fl-b"/>
      </object_component>
      <object_component id="oc-e8">
         <name>.debug_frame</name>
         <load_address>0x7bc</load_address>
         <run_address>0x7bc</run_address>
         <size>0x7f</size>
         <input_file_ref idref="fl-c"/>
      </object_component>
      <object_component id="oc-172">
         <name>.debug_frame</name>
         <load_address>0x83b</load_address>
         <run_address>0x83b</run_address>
         <size>0x7f</size>
         <input_file_ref idref="fl-c"/>
      </object_component>
      <object_component id="oc-16c">
         <name>.debug_frame</name>
         <load_address>0x8ba</load_address>
         <run_address>0x8ba</run_address>
         <size>0x7f</size>
         <input_file_ref idref="fl-c"/>
      </object_component>
      <object_component id="oc-e2">
         <name>.debug_frame</name>
         <load_address>0x939</load_address>
         <run_address>0x939</run_address>
         <size>0x8a</size>
         <input_file_ref idref="fl-c"/>
      </object_component>
      <object_component id="oc-100">
         <name>.debug_frame</name>
         <load_address>0x9c3</load_address>
         <run_address>0x9c3</run_address>
         <size>0x7f</size>
         <input_file_ref idref="fl-c"/>
      </object_component>
      <object_component id="oc-54">
         <name>.debug_frame</name>
         <load_address>0xfc</load_address>
         <run_address>0xfc</run_address>
         <size>0x50</size>
         <input_file_ref idref="fl-c6"/>
      </object_component>
      <object_component id="oc-97">
         <name>.debug_frame</name>
         <load_address>0x14c</load_address>
         <run_address>0x14c</run_address>
         <size>0x54</size>
         <input_file_ref idref="fl-ca"/>
      </object_component>
      <object_component id="oc-110">
         <name>.debug_frame</name>
         <load_address>0x1a0</load_address>
         <run_address>0x1a0</run_address>
         <size>0x54</size>
         <input_file_ref idref="fl-cc"/>
      </object_component>
      <object_component id="oc-14b">
         <name>.debug_abbrev</name>
         <load_address>0x0</load_address>
         <run_address>0x0</run_address>
         <size>0x88</size>
         <input_file_ref idref="fl-2"/>
      </object_component>
      <object_component id="oc-10c">
         <name>.debug_abbrev</name>
         <load_address>0x88</load_address>
         <run_address>0x88</run_address>
         <size>0x62</size>
         <input_file_ref idref="fl-2"/>
      </object_component>
      <object_component id="oc-72">
         <name>.debug_abbrev</name>
         <load_address>0xea</load_address>
         <run_address>0xea</run_address>
         <size>0x69</size>
         <input_file_ref idref="fl-2"/>
      </object_component>
      <object_component id="oc-38">
         <name>.debug_abbrev</name>
         <load_address>0x153</load_address>
         <run_address>0x153</run_address>
         <size>0x1f</size>
         <input_file_ref idref="fl-2"/>
      </object_component>
      <object_component id="oc-af">
         <name>.debug_abbrev</name>
         <load_address>0x172</load_address>
         <run_address>0x172</run_address>
         <size>0x5c</size>
         <input_file_ref idref="fl-2"/>
      </object_component>
      <object_component id="oc-77">
         <name>.debug_abbrev</name>
         <load_address>0x1ce</load_address>
         <run_address>0x1ce</run_address>
         <size>0x24</size>
         <input_file_ref idref="fl-2"/>
      </object_component>
      <object_component id="oc-6e">
         <name>.debug_abbrev</name>
         <load_address>0x1f2</load_address>
         <run_address>0x1f2</run_address>
         <size>0x68</size>
         <input_file_ref idref="fl-3"/>
      </object_component>
      <object_component id="oc-2d">
         <name>.debug_abbrev</name>
         <load_address>0x25a</load_address>
         <run_address>0x25a</run_address>
         <size>0x29</size>
         <input_file_ref idref="fl-3"/>
      </object_component>
      <object_component id="oc-6d">
         <name>.debug_abbrev</name>
         <load_address>0x283</load_address>
         <run_address>0x283</run_address>
         <size>0x79</size>
         <input_file_ref idref="fl-3"/>
      </object_component>
      <object_component id="oc-1ad">
         <name>.debug_abbrev</name>
         <load_address>0x2fc</load_address>
         <run_address>0x2fc</run_address>
         <size>0x72</size>
         <input_file_ref idref="fl-9"/>
      </object_component>
      <object_component id="oc-1ab">
         <name>.debug_abbrev</name>
         <load_address>0x36e</load_address>
         <run_address>0x36e</run_address>
         <size>0x27</size>
         <input_file_ref idref="fl-9"/>
      </object_component>
      <object_component id="oc-183">
         <name>.debug_abbrev</name>
         <load_address>0x395</load_address>
         <run_address>0x395</run_address>
         <size>0x6c</size>
         <input_file_ref idref="fl-9"/>
      </object_component>
      <object_component id="oc-1af">
         <name>.debug_abbrev</name>
         <load_address>0x401</load_address>
         <run_address>0x401</run_address>
         <size>0x6c</size>
         <input_file_ref idref="fl-9"/>
      </object_component>
      <object_component id="oc-1b0">
         <name>.debug_abbrev</name>
         <load_address>0x46d</load_address>
         <run_address>0x46d</run_address>
         <size>0x6c</size>
         <input_file_ref idref="fl-9"/>
      </object_component>
      <object_component id="oc-166">
         <name>.debug_abbrev</name>
         <load_address>0x4d9</load_address>
         <run_address>0x4d9</run_address>
         <size>0x6c</size>
         <input_file_ref idref="fl-9"/>
      </object_component>
      <object_component id="oc-17b">
         <name>.debug_abbrev</name>
         <load_address>0x545</load_address>
         <run_address>0x545</run_address>
         <size>0x7a</size>
         <input_file_ref idref="fl-9"/>
      </object_component>
      <object_component id="oc-17a">
         <name>.debug_abbrev</name>
         <load_address>0x5bf</load_address>
         <run_address>0x5bf</run_address>
         <size>0x6c</size>
         <input_file_ref idref="fl-9"/>
      </object_component>
      <object_component id="oc-17c">
         <name>.debug_abbrev</name>
         <load_address>0x62b</load_address>
         <run_address>0x62b</run_address>
         <size>0x6e</size>
         <input_file_ref idref="fl-9"/>
      </object_component>
      <object_component id="oc-158">
         <name>.debug_abbrev</name>
         <load_address>0x699</load_address>
         <run_address>0x699</run_address>
         <size>0x6c</size>
         <input_file_ref idref="fl-9"/>
      </object_component>
      <object_component id="oc-180">
         <name>.debug_abbrev</name>
         <load_address>0x705</load_address>
         <run_address>0x705</run_address>
         <size>0x1f</size>
         <input_file_ref idref="fl-9"/>
      </object_component>
      <object_component id="oc-150">
         <name>.debug_abbrev</name>
         <load_address>0x724</load_address>
         <run_address>0x724</run_address>
         <size>0x35</size>
         <input_file_ref idref="fl-9"/>
      </object_component>
      <object_component id="oc-1a4">
         <name>.debug_abbrev</name>
         <load_address>0x759</load_address>
         <run_address>0x759</run_address>
         <size>0xb0</size>
         <input_file_ref idref="fl-b"/>
      </object_component>
      <object_component id="oc-1b1">
         <name>.debug_abbrev</name>
         <load_address>0x809</load_address>
         <run_address>0x809</run_address>
         <size>0x27</size>
         <input_file_ref idref="fl-b"/>
      </object_component>
      <object_component id="oc-154">
         <name>.debug_abbrev</name>
         <load_address>0x830</load_address>
         <run_address>0x830</run_address>
         <size>0x6c</size>
         <input_file_ref idref="fl-b"/>
      </object_component>
      <object_component id="oc-14d">
         <name>.debug_abbrev</name>
         <load_address>0x89c</load_address>
         <run_address>0x89c</run_address>
         <size>0x7a</size>
         <input_file_ref idref="fl-b"/>
      </object_component>
      <object_component id="oc-16a">
         <name>.debug_abbrev</name>
         <load_address>0x916</load_address>
         <run_address>0x916</run_address>
         <size>0x60</size>
         <input_file_ref idref="fl-b"/>
      </object_component>
      <object_component id="oc-1a8">
         <name>.debug_abbrev</name>
         <load_address>0x976</load_address>
         <run_address>0x976</run_address>
         <size>0x49</size>
         <input_file_ref idref="fl-b"/>
      </object_component>
      <object_component id="oc-1b5">
         <name>.debug_abbrev</name>
         <load_address>0x9bf</load_address>
         <run_address>0x9bf</run_address>
         <size>0x72</size>
         <input_file_ref idref="fl-c"/>
      </object_component>
      <object_component id="oc-179">
         <name>.debug_abbrev</name>
         <load_address>0xa31</load_address>
         <run_address>0xa31</run_address>
         <size>0x6c</size>
         <input_file_ref idref="fl-c"/>
      </object_component>
      <object_component id="oc-1b4">
         <name>.debug_abbrev</name>
         <load_address>0xa9d</load_address>
         <run_address>0xa9d</run_address>
         <size>0x6c</size>
         <input_file_ref idref="fl-c"/>
      </object_component>
      <object_component id="oc-1b3">
         <name>.debug_abbrev</name>
         <load_address>0xb09</load_address>
         <run_address>0xb09</run_address>
         <size>0x6c</size>
         <input_file_ref idref="fl-c"/>
      </object_component>
      <object_component id="oc-177">
         <name>.debug_abbrev</name>
         <load_address>0xb75</load_address>
         <run_address>0xb75</run_address>
         <size>0x7a</size>
         <input_file_ref idref="fl-c"/>
      </object_component>
      <object_component id="oc-17d">
         <name>.debug_abbrev</name>
         <load_address>0xbef</load_address>
         <run_address>0xbef</run_address>
         <size>0x6c</size>
         <input_file_ref idref="fl-c"/>
      </object_component>
      <object_component id="oc-6b">
         <name>.debug_abbrev</name>
         <load_address>0xc5b</load_address>
         <run_address>0xc5b</run_address>
         <size>0x29</size>
         <input_file_ref idref="fl-c6"/>
      </object_component>
      <object_component id="oc-a2">
         <name>.debug_abbrev</name>
         <load_address>0xc84</load_address>
         <run_address>0xc84</run_address>
         <size>0x55</size>
         <input_file_ref idref="fl-c6"/>
      </object_component>
      <object_component id="oc-c2">
         <name>.debug_abbrev</name>
         <load_address>0xcd9</load_address>
         <run_address>0xcd9</run_address>
         <size>0x55</size>
         <input_file_ref idref="fl-ca"/>
      </object_component>
      <object_component id="oc-184">
         <name>.debug_abbrev</name>
         <load_address>0xd2e</load_address>
         <run_address>0xd2e</run_address>
         <size>0x45</size>
         <input_file_ref idref="fl-cc"/>
      </object_component>
      <object_component id="oc-214">
         <name>.debug_abbrev</name>
         <load_address>0xd73</load_address>
         <run_address>0xd73</run_address>
         <size>0xf</size>
      </object_component>
      <object_component id="oc-74">
         <name>.debug_str</name>
         <load_address>0x0</load_address>
         <run_address>0x0</run_address>
         <size>0x2d8</size>
         <input_file_ref idref="fl-2"/>
      </object_component>
      <object_component id="oc-3a">
         <name>.debug_str</name>
         <load_address>0x2d8</load_address>
         <run_address>0x2d8</run_address>
         <size>0xfd</size>
         <input_file_ref idref="fl-2"/>
      </object_component>
      <object_component id="oc-b1">
         <name>.debug_str</name>
         <load_address>0x3d5</load_address>
         <run_address>0x3d5</run_address>
         <size>0x36e</size>
         <input_file_ref idref="fl-2"/>
      </object_component>
      <object_component id="oc-79">
         <name>.debug_str</name>
         <load_address>0x743</load_address>
         <run_address>0x743</run_address>
         <size>0x170</size>
         <input_file_ref idref="fl-2"/>
      </object_component>
      <object_component id="oc-182">
         <name>.debug_str</name>
         <load_address>0x8b3</load_address>
         <run_address>0x8b3</run_address>
         <size>0xf5</size>
         <input_file_ref idref="fl-9"/>
      </object_component>
      <object_component id="oc-152">
         <name>.debug_str</name>
         <load_address>0x9a8</load_address>
         <run_address>0x9a8</run_address>
         <size>0x241</size>
         <input_file_ref idref="fl-9"/>
      </object_component>
      <object_component id="oc-1aa">
         <name>.debug_str</name>
         <load_address>0xbe9</load_address>
         <run_address>0xbe9</run_address>
         <size>0x141</size>
         <input_file_ref idref="fl-b"/>
      </object_component>
      <object_component id="oc-9d">
         <name>.debug_aranges</name>
         <load_address>0x0</load_address>
         <run_address>0x0</run_address>
         <size>0x20</size>
         <input_file_ref idref="fl-2"/>
      </object_component>
      <object_component id="oc-2a">
         <name>.debug_aranges</name>
         <load_address>0x20</load_address>
         <run_address>0x20</run_address>
         <size>0x38</size>
         <input_file_ref idref="fl-3"/>
      </object_component>
      <object_component id="oc-107">
         <name>.debug_aranges</name>
         <load_address>0x58</load_address>
         <run_address>0x58</run_address>
         <size>0x20</size>
         <input_file_ref idref="fl-9"/>
      </object_component>
      <object_component id="oc-15c">
         <name>.debug_aranges</name>
         <load_address>0x78</load_address>
         <run_address>0x78</run_address>
         <size>0x20</size>
         <input_file_ref idref="fl-9"/>
      </object_component>
      <object_component id="oc-162">
         <name>.debug_aranges</name>
         <load_address>0x98</load_address>
         <run_address>0x98</run_address>
         <size>0x20</size>
         <input_file_ref idref="fl-9"/>
      </object_component>
      <object_component id="oc-d7">
         <name>.debug_aranges</name>
         <load_address>0xb8</load_address>
         <run_address>0xb8</run_address>
         <size>0x20</size>
         <input_file_ref idref="fl-9"/>
      </object_component>
      <object_component id="oc-f5">
         <name>.debug_aranges</name>
         <load_address>0xd8</load_address>
         <run_address>0xd8</run_address>
         <size>0x20</size>
         <input_file_ref idref="fl-9"/>
      </object_component>
      <object_component id="oc-ef">
         <name>.debug_aranges</name>
         <load_address>0xf8</load_address>
         <run_address>0xf8</run_address>
         <size>0x20</size>
         <input_file_ref idref="fl-9"/>
      </object_component>
      <object_component id="oc-fc">
         <name>.debug_aranges</name>
         <load_address>0x118</load_address>
         <run_address>0x118</run_address>
         <size>0x20</size>
         <input_file_ref idref="fl-9"/>
      </object_component>
      <object_component id="oc-d1">
         <name>.debug_aranges</name>
         <load_address>0x138</load_address>
         <run_address>0x138</run_address>
         <size>0x20</size>
         <input_file_ref idref="fl-9"/>
      </object_component>
      <object_component id="oc-cd">
         <name>.debug_aranges</name>
         <load_address>0x158</load_address>
         <run_address>0x158</run_address>
         <size>0x20</size>
         <input_file_ref idref="fl-b"/>
      </object_component>
      <object_component id="oc-c6">
         <name>.debug_aranges</name>
         <load_address>0x178</load_address>
         <run_address>0x178</run_address>
         <size>0x20</size>
         <input_file_ref idref="fl-b"/>
      </object_component>
      <object_component id="oc-de">
         <name>.debug_aranges</name>
         <load_address>0x198</load_address>
         <run_address>0x198</run_address>
         <size>0x20</size>
         <input_file_ref idref="fl-b"/>
      </object_component>
      <object_component id="oc-ea">
         <name>.debug_aranges</name>
         <load_address>0x1b8</load_address>
         <run_address>0x1b8</run_address>
         <size>0x20</size>
         <input_file_ref idref="fl-c"/>
      </object_component>
      <object_component id="oc-174">
         <name>.debug_aranges</name>
         <load_address>0x1d8</load_address>
         <run_address>0x1d8</run_address>
         <size>0x20</size>
         <input_file_ref idref="fl-c"/>
      </object_component>
      <object_component id="oc-16e">
         <name>.debug_aranges</name>
         <load_address>0x1f8</load_address>
         <run_address>0x1f8</run_address>
         <size>0x20</size>
         <input_file_ref idref="fl-c"/>
      </object_component>
      <object_component id="oc-e4">
         <name>.debug_aranges</name>
         <load_address>0x218</load_address>
         <run_address>0x218</run_address>
         <size>0x20</size>
         <input_file_ref idref="fl-c"/>
      </object_component>
      <object_component id="oc-102">
         <name>.debug_aranges</name>
         <load_address>0x238</load_address>
         <run_address>0x238</run_address>
         <size>0x20</size>
         <input_file_ref idref="fl-c"/>
      </object_component>
      <object_component id="oc-56">
         <name>.debug_aranges</name>
         <load_address>0x258</load_address>
         <run_address>0x258</run_address>
         <size>0x20</size>
         <input_file_ref idref="fl-c6"/>
      </object_component>
      <object_component id="oc-98">
         <name>.debug_aranges</name>
         <load_address>0x278</load_address>
         <run_address>0x278</run_address>
         <size>0x20</size>
         <input_file_ref idref="fl-ca"/>
      </object_component>
      <object_component id="oc-10e">
         <name>.debug_aranges</name>
         <load_address>0x298</load_address>
         <run_address>0x298</run_address>
         <size>0x20</size>
         <input_file_ref idref="fl-cc"/>
      </object_component>
      <object_component id="oc-a0">
         <name>.debug_pubnames</name>
         <load_address>0x0</load_address>
         <run_address>0x0</run_address>
         <size>0x1b</size>
         <input_file_ref idref="fl-2"/>
      </object_component>
      <object_component id="oc-14">
         <name>.debug_pubnames</name>
         <load_address>0x1b</load_address>
         <run_address>0x1b</run_address>
         <size>0x23</size>
         <input_file_ref idref="fl-3"/>
      </object_component>
      <object_component id="oc-29">
         <name>.debug_pubnames</name>
         <load_address>0x3e</load_address>
         <run_address>0x3e</run_address>
         <size>0x4c</size>
         <input_file_ref idref="fl-3"/>
      </object_component>
      <object_component id="oc-157">
         <name>.debug_pubnames</name>
         <load_address>0x8a</load_address>
         <run_address>0x8a</run_address>
         <size>0x2b</size>
         <input_file_ref idref="fl-9"/>
      </object_component>
      <object_component id="oc-108">
         <name>.debug_pubnames</name>
         <load_address>0xb5</load_address>
         <run_address>0xb5</run_address>
         <size>0x23</size>
         <input_file_ref idref="fl-9"/>
      </object_component>
      <object_component id="oc-15d">
         <name>.debug_pubnames</name>
         <load_address>0xd8</load_address>
         <run_address>0xd8</run_address>
         <size>0x25</size>
         <input_file_ref idref="fl-9"/>
      </object_component>
      <object_component id="oc-163">
         <name>.debug_pubnames</name>
         <load_address>0xfd</load_address>
         <run_address>0xfd</run_address>
         <size>0x27</size>
         <input_file_ref idref="fl-9"/>
      </object_component>
      <object_component id="oc-d8">
         <name>.debug_pubnames</name>
         <load_address>0x124</load_address>
         <run_address>0x124</run_address>
         <size>0x26</size>
         <input_file_ref idref="fl-9"/>
      </object_component>
      <object_component id="oc-f6">
         <name>.debug_pubnames</name>
         <load_address>0x14a</load_address>
         <run_address>0x14a</run_address>
         <size>0x2c</size>
         <input_file_ref idref="fl-9"/>
      </object_component>
      <object_component id="oc-f0">
         <name>.debug_pubnames</name>
         <load_address>0x176</load_address>
         <run_address>0x176</run_address>
         <size>0x2b</size>
         <input_file_ref idref="fl-9"/>
      </object_component>
      <object_component id="oc-fb">
         <name>.debug_pubnames</name>
         <load_address>0x1a1</load_address>
         <run_address>0x1a1</run_address>
         <size>0x22</size>
         <input_file_ref idref="fl-9"/>
      </object_component>
      <object_component id="oc-d2">
         <name>.debug_pubnames</name>
         <load_address>0x1c3</load_address>
         <run_address>0x1c3</run_address>
         <size>0x27</size>
         <input_file_ref idref="fl-9"/>
      </object_component>
      <object_component id="oc-169">
         <name>.debug_pubnames</name>
         <load_address>0x1ea</load_address>
         <run_address>0x1ea</run_address>
         <size>0x23</size>
         <input_file_ref idref="fl-b"/>
      </object_component>
      <object_component id="oc-ce">
         <name>.debug_pubnames</name>
         <load_address>0x20d</load_address>
         <run_address>0x20d</run_address>
         <size>0x2d</size>
         <input_file_ref idref="fl-b"/>
      </object_component>
      <object_component id="oc-c7">
         <name>.debug_pubnames</name>
         <load_address>0x23a</load_address>
         <run_address>0x23a</run_address>
         <size>0x25</size>
         <input_file_ref idref="fl-b"/>
      </object_component>
      <object_component id="oc-df">
         <name>.debug_pubnames</name>
         <load_address>0x25f</load_address>
         <run_address>0x25f</run_address>
         <size>0x25</size>
         <input_file_ref idref="fl-b"/>
      </object_component>
      <object_component id="oc-eb">
         <name>.debug_pubnames</name>
         <load_address>0x284</load_address>
         <run_address>0x284</run_address>
         <size>0x23</size>
         <input_file_ref idref="fl-c"/>
      </object_component>
      <object_component id="oc-175">
         <name>.debug_pubnames</name>
         <load_address>0x2a7</load_address>
         <run_address>0x2a7</run_address>
         <size>0x21</size>
         <input_file_ref idref="fl-c"/>
      </object_component>
      <object_component id="oc-16f">
         <name>.debug_pubnames</name>
         <load_address>0x2c8</load_address>
         <run_address>0x2c8</run_address>
         <size>0x22</size>
         <input_file_ref idref="fl-c"/>
      </object_component>
      <object_component id="oc-e5">
         <name>.debug_pubnames</name>
         <load_address>0x2ea</load_address>
         <run_address>0x2ea</run_address>
         <size>0x2a</size>
         <input_file_ref idref="fl-c"/>
      </object_component>
      <object_component id="oc-103">
         <name>.debug_pubnames</name>
         <load_address>0x314</load_address>
         <run_address>0x314</run_address>
         <size>0x22</size>
         <input_file_ref idref="fl-c"/>
      </object_component>
      <object_component id="oc-26">
         <name>.debug_pubnames</name>
         <load_address>0x336</load_address>
         <run_address>0x336</run_address>
         <size>0x1e</size>
         <input_file_ref idref="fl-c6"/>
      </object_component>
      <object_component id="oc-57">
         <name>.debug_pubnames</name>
         <load_address>0x354</load_address>
         <run_address>0x354</run_address>
         <size>0x2d</size>
         <input_file_ref idref="fl-c6"/>
      </object_component>
      <object_component id="oc-9a">
         <name>.debug_pubnames</name>
         <load_address>0x381</load_address>
         <run_address>0x381</run_address>
         <size>0x27</size>
         <input_file_ref idref="fl-ca"/>
      </object_component>
      <object_component id="oc-112">
         <name>.debug_pubnames</name>
         <load_address>0x3a8</load_address>
         <run_address>0x3a8</run_address>
         <size>0x1c</size>
         <input_file_ref idref="fl-cc"/>
      </object_component>
      <object_component id="oc-71">
         <name>.debug_pubtypes</name>
         <load_address>0x0</load_address>
         <run_address>0x0</run_address>
         <size>0x25c</size>
         <input_file_ref idref="fl-2"/>
      </object_component>
      <object_component id="oc-37">
         <name>.debug_pubtypes</name>
         <load_address>0x25c</load_address>
         <run_address>0x25c</run_address>
         <size>0xed</size>
         <input_file_ref idref="fl-2"/>
      </object_component>
      <object_component id="oc-ae">
         <name>.debug_pubtypes</name>
         <load_address>0x349</load_address>
         <run_address>0x349</run_address>
         <size>0x330</size>
         <input_file_ref idref="fl-2"/>
      </object_component>
      <object_component id="oc-76">
         <name>.debug_pubtypes</name>
         <load_address>0x679</load_address>
         <run_address>0x679</run_address>
         <size>0xaa</size>
         <input_file_ref idref="fl-2"/>
      </object_component>
      <object_component id="oc-17f">
         <name>.debug_pubtypes</name>
         <load_address>0x723</load_address>
         <run_address>0x723</run_address>
         <size>0xff</size>
         <input_file_ref idref="fl-9"/>
      </object_component>
      <object_component id="oc-14f">
         <name>.debug_pubtypes</name>
         <load_address>0x822</load_address>
         <run_address>0x822</run_address>
         <size>0x1c6</size>
         <input_file_ref idref="fl-9"/>
      </object_component>
      <object_component id="oc-1a7">
         <name>.debug_pubtypes</name>
         <load_address>0x9e8</load_address>
         <run_address>0x9e8</run_address>
         <size>0x28</size>
         <input_file_ref idref="fl-b"/>
      </object_component>
   </object_component_list>
   <logical_group_list>
      <logical_group id="lg-3" display="no" color="cyan">
         <name>.intvecs</name>
         <load_address>0x0</load_address>
         <run_address>0x0</run_address>
         <size>0x26c</size>
         <contents>
            <object_component_ref idref="oc-12"/>
         </contents>
      </logical_group>
      <logical_group id="lg-4" display="no" color="cyan">
         <name>.text</name>
         <load_address>0x26c</load_address>
         <run_address>0x26c</run_address>
         <size>0x818</size>
         <contents>
            <object_component_ref idref="oc-9b"/>
            <object_component_ref idref="oc-160"/>
            <object_component_ref idref="oc-db"/>
            <object_component_ref idref="oc-c3"/>
            <object_component_ref idref="oc-cf"/>
            <object_component_ref idref="oc-e1"/>
            <object_component_ref idref="oc-c9"/>
            <object_component_ref idref="oc-53"/>
            <object_component_ref idref="oc-15a"/>
            <object_component_ref idref="oc-16b"/>
            <object_component_ref idref="oc-f3"/>
            <object_component_ref idref="oc-171"/>
            <object_component_ref idref="oc-ed"/>
            <object_component_ref idref="oc-d5"/>
            <object_component_ref idref="oc-27"/>
            <object_component_ref idref="oc-ff"/>
            <object_component_ref idref="oc-f9"/>
            <object_component_ref idref="oc-105"/>
            <object_component_ref idref="oc-10b"/>
            <object_component_ref idref="oc-e7"/>
            <object_component_ref idref="oc-95"/>
            <object_component_ref idref="oc-10d"/>
         </contents>
      </logical_group>
      <logical_group id="lg-5" display="no" color="cyan">
         <name>.const</name>
         <load_address>0xa84</load_address>
         <run_address>0xa84</run_address>
         <size>0xfc</size>
         <contents>
            <object_component_ref idref="oc-155"/>
            <object_component_ref idref="oc-167"/>
         </contents>
      </logical_group>
      <logical_group id="lg-6" display="no" color="cyan">
         <name>.cinit</name>
         <run_address>0x0</run_address>
         <size>0x0</size>
         <contents>
         </contents>
      </logical_group>
      <logical_group id="lg-7" display="no" color="cyan">
         <name>.pinit</name>
         <run_address>0x0</run_address>
         <size>0x0</size>
         <contents>
         </contents>
      </logical_group>
      <logical_group id="lg-8" display="no" color="cyan">
         <name>.init_array</name>
         <run_address>0x0</run_address>
         <size>0x0</size>
         <contents>
         </contents>
      </logical_group>
      <logical_group id="lg-9" display="no" color="cyan">
         <name>.vtable</name>
         <run_address>0x0</run_address>
         <size>0x0</size>
         <contents>
         </contents>
      </logical_group>
      <logical_group id="lg-a" display="no" color="cyan">
         <name>.data</name>
         <run_address>0x0</run_address>
         <size>0x0</size>
         <contents>
         </contents>
      </logical_group>
      <logical_group id="lg-b" display="no" color="cyan">
         <name>.bss</name>
         <run_address>0x0</run_address>
         <size>0x0</size>
         <contents>
         </contents>
      </logical_group>
      <logical_group id="lg-c" display="no" color="cyan">
         <name>.sysmem</name>
         <run_address>0x0</run_address>
         <size>0x0</size>
         <contents>
         </contents>
      </logical_group>
      <logical_group id="lg-d" display="no" color="cyan">
         <name>.stack</name>
         <run_address>0x20000000</run_address>
         <size>0x200</size>
         <contents>
            <object_component_ref idref="oc-24"/>
            <object_component_ref idref="oc-212"/>
         </contents>
      </logical_group>
      <logical_group id="lg-1e7" display="no" color="cyan">
         <name>.TI.noinit</name>
         <run_address>0x0</run_address>
         <size>0x0</size>
         <contents>
         </contents>
      </logical_group>
      <logical_group id="lg-1e8" display="no" color="cyan">
         <name>.TI.persistent</name>
         <run_address>0x0</run_address>
         <size>0x0</size>
         <contents>
         </contents>
      </logical_group>
      <logical_group id="lg-1e9" display="no" color="cyan">
         <name>__llvm_prf_cnts</name>
         <run_address>0x20000000</run_address>
         <size>0x0</size>
         <contents>
         </contents>
      </logical_group>
      <logical_group id="lg-1f8" display="never" color="cyan">
         <name>.debug_info</name>
         <load_address>0x0</load_address>
         <run_address>0x0</run_address>
         <size>0x55be</size>
         <contents>
            <object_component_ref idref="oc-b2"/>
            <object_component_ref idref="oc-9f"/>
            <object_component_ref idref="oc-70"/>
            <object_component_ref idref="oc-36"/>
            <object_component_ref idref="oc-ad"/>
            <object_component_ref idref="oc-75"/>
            <object_component_ref idref="oc-2f"/>
            <object_component_ref idref="oc-13"/>
            <object_component_ref idref="oc-28"/>
            <object_component_ref idref="oc-159"/>
            <object_component_ref idref="oc-156"/>
            <object_component_ref idref="oc-106"/>
            <object_component_ref idref="oc-15b"/>
            <object_component_ref idref="oc-161"/>
            <object_component_ref idref="oc-d6"/>
            <object_component_ref idref="oc-f4"/>
            <object_component_ref idref="oc-ee"/>
            <object_component_ref idref="oc-fa"/>
            <object_component_ref idref="oc-d0"/>
            <object_component_ref idref="oc-17e"/>
            <object_component_ref idref="oc-14e"/>
            <object_component_ref idref="oc-153"/>
            <object_component_ref idref="oc-168"/>
            <object_component_ref idref="oc-cc"/>
            <object_component_ref idref="oc-c5"/>
            <object_component_ref idref="oc-dd"/>
            <object_component_ref idref="oc-1a6"/>
            <object_component_ref idref="oc-178"/>
            <object_component_ref idref="oc-e9"/>
            <object_component_ref idref="oc-173"/>
            <object_component_ref idref="oc-16d"/>
            <object_component_ref idref="oc-e3"/>
            <object_component_ref idref="oc-101"/>
            <object_component_ref idref="oc-25"/>
            <object_component_ref idref="oc-55"/>
            <object_component_ref idref="oc-99"/>
            <object_component_ref idref="oc-111"/>
            <object_component_ref idref="oc-213"/>
         </contents>
      </logical_group>
      <logical_group id="lg-1fa" display="never" color="cyan">
         <name>.debug_line</name>
         <load_address>0x0</load_address>
         <run_address>0x0</run_address>
         <size>0x1494</size>
         <contents>
            <object_component_ref idref="oc-14c"/>
            <object_component_ref idref="oc-9e"/>
            <object_component_ref idref="oc-73"/>
            <object_component_ref idref="oc-39"/>
            <object_component_ref idref="oc-b0"/>
            <object_component_ref idref="oc-78"/>
            <object_component_ref idref="oc-6f"/>
            <object_component_ref idref="oc-2e"/>
            <object_component_ref idref="oc-2c"/>
            <object_component_ref idref="oc-1ae"/>
            <object_component_ref idref="oc-1ac"/>
            <object_component_ref idref="oc-109"/>
            <object_component_ref idref="oc-15e"/>
            <object_component_ref idref="oc-164"/>
            <object_component_ref idref="oc-da"/>
            <object_component_ref idref="oc-f7"/>
            <object_component_ref idref="oc-f1"/>
            <object_component_ref idref="oc-fd"/>
            <object_component_ref idref="oc-d3"/>
            <object_component_ref idref="oc-181"/>
            <object_component_ref idref="oc-151"/>
            <object_component_ref idref="oc-1a5"/>
            <object_component_ref idref="oc-1b2"/>
            <object_component_ref idref="oc-cb"/>
            <object_component_ref idref="oc-c4"/>
            <object_component_ref idref="oc-dc"/>
            <object_component_ref idref="oc-1a9"/>
            <object_component_ref idref="oc-1b6"/>
            <object_component_ref idref="oc-ec"/>
            <object_component_ref idref="oc-176"/>
            <object_component_ref idref="oc-170"/>
            <object_component_ref idref="oc-e6"/>
            <object_component_ref idref="oc-104"/>
            <object_component_ref idref="oc-6c"/>
            <object_component_ref idref="oc-58"/>
            <object_component_ref idref="oc-96"/>
            <object_component_ref idref="oc-10f"/>
         </contents>
      </logical_group>
      <logical_group id="lg-1fc" display="never" color="cyan">
         <name>.debug_frame</name>
         <load_address>0x0</load_address>
         <run_address>0x0</run_address>
         <size>0xa42</size>
         <contents>
            <object_component_ref idref="oc-9c"/>
            <object_component_ref idref="oc-2b"/>
            <object_component_ref idref="oc-10a"/>
            <object_component_ref idref="oc-15f"/>
            <object_component_ref idref="oc-165"/>
            <object_component_ref idref="oc-d9"/>
            <object_component_ref idref="oc-f8"/>
            <object_component_ref idref="oc-f2"/>
            <object_component_ref idref="oc-fe"/>
            <object_component_ref idref="oc-d4"/>
            <object_component_ref idref="oc-ca"/>
            <object_component_ref idref="oc-c8"/>
            <object_component_ref idref="oc-e0"/>
            <object_component_ref idref="oc-e8"/>
            <object_component_ref idref="oc-172"/>
            <object_component_ref idref="oc-16c"/>
            <object_component_ref idref="oc-e2"/>
            <object_component_ref idref="oc-100"/>
            <object_component_ref idref="oc-54"/>
            <object_component_ref idref="oc-97"/>
            <object_component_ref idref="oc-110"/>
         </contents>
      </logical_group>
      <logical_group id="lg-1fe" display="never" color="cyan">
         <name>.debug_abbrev</name>
         <load_address>0x0</load_address>
         <run_address>0x0</run_address>
         <size>0xd82</size>
         <contents>
            <object_component_ref idref="oc-14b"/>
            <object_component_ref idref="oc-10c"/>
            <object_component_ref idref="oc-72"/>
            <object_component_ref idref="oc-38"/>
            <object_component_ref idref="oc-af"/>
            <object_component_ref idref="oc-77"/>
            <object_component_ref idref="oc-6e"/>
            <object_component_ref idref="oc-2d"/>
            <object_component_ref idref="oc-6d"/>
            <object_component_ref idref="oc-1ad"/>
            <object_component_ref idref="oc-1ab"/>
            <object_component_ref idref="oc-183"/>
            <object_component_ref idref="oc-1af"/>
            <object_component_ref idref="oc-1b0"/>
            <object_component_ref idref="oc-166"/>
            <object_component_ref idref="oc-17b"/>
            <object_component_ref idref="oc-17a"/>
            <object_component_ref idref="oc-17c"/>
            <object_component_ref idref="oc-158"/>
            <object_component_ref idref="oc-180"/>
            <object_component_ref idref="oc-150"/>
            <object_component_ref idref="oc-1a4"/>
            <object_component_ref idref="oc-1b1"/>
            <object_component_ref idref="oc-154"/>
            <object_component_ref idref="oc-14d"/>
            <object_component_ref idref="oc-16a"/>
            <object_component_ref idref="oc-1a8"/>
            <object_component_ref idref="oc-1b5"/>
            <object_component_ref idref="oc-179"/>
            <object_component_ref idref="oc-1b4"/>
            <object_component_ref idref="oc-1b3"/>
            <object_component_ref idref="oc-177"/>
            <object_component_ref idref="oc-17d"/>
            <object_component_ref idref="oc-6b"/>
            <object_component_ref idref="oc-a2"/>
            <object_component_ref idref="oc-c2"/>
            <object_component_ref idref="oc-184"/>
            <object_component_ref idref="oc-214"/>
         </contents>
      </logical_group>
      <logical_group id="lg-200" display="never" color="cyan">
         <name>.debug_str</name>
         <load_address>0x0</load_address>
         <run_address>0x0</run_address>
         <size>0xd2a</size>
         <contents>
            <object_component_ref idref="oc-74"/>
            <object_component_ref idref="oc-3a"/>
            <object_component_ref idref="oc-b1"/>
            <object_component_ref idref="oc-79"/>
            <object_component_ref idref="oc-182"/>
            <object_component_ref idref="oc-152"/>
            <object_component_ref idref="oc-1aa"/>
         </contents>
      </logical_group>
      <logical_group id="lg-202" display="never" color="cyan">
         <name>.debug_aranges</name>
         <load_address>0x0</load_address>
         <run_address>0x0</run_address>
         <size>0x2b8</size>
         <contents>
            <object_component_ref idref="oc-9d"/>
            <object_component_ref idref="oc-2a"/>
            <object_component_ref idref="oc-107"/>
            <object_component_ref idref="oc-15c"/>
            <object_component_ref idref="oc-162"/>
            <object_component_ref idref="oc-d7"/>
            <object_component_ref idref="oc-f5"/>
            <object_component_ref idref="oc-ef"/>
            <object_component_ref idref="oc-fc"/>
            <object_component_ref idref="oc-d1"/>
            <object_component_ref idref="oc-cd"/>
            <object_component_ref idref="oc-c6"/>
            <object_component_ref idref="oc-de"/>
            <object_component_ref idref="oc-ea"/>
            <object_component_ref idref="oc-174"/>
            <object_component_ref idref="oc-16e"/>
            <object_component_ref idref="oc-e4"/>
            <object_component_ref idref="oc-102"/>
            <object_component_ref idref="oc-56"/>
            <object_component_ref idref="oc-98"/>
            <object_component_ref idref="oc-10e"/>
         </contents>
      </logical_group>
      <logical_group id="lg-204" display="never" color="cyan">
         <name>.debug_pubnames</name>
         <load_address>0x0</load_address>
         <run_address>0x0</run_address>
         <size>0x3c4</size>
         <contents>
            <object_component_ref idref="oc-a0"/>
            <object_component_ref idref="oc-14"/>
            <object_component_ref idref="oc-29"/>
            <object_component_ref idref="oc-157"/>
            <object_component_ref idref="oc-108"/>
            <object_component_ref idref="oc-15d"/>
            <object_component_ref idref="oc-163"/>
            <object_component_ref idref="oc-d8"/>
            <object_component_ref idref="oc-f6"/>
            <object_component_ref idref="oc-f0"/>
            <object_component_ref idref="oc-fb"/>
            <object_component_ref idref="oc-d2"/>
            <object_component_ref idref="oc-169"/>
            <object_component_ref idref="oc-ce"/>
            <object_component_ref idref="oc-c7"/>
            <object_component_ref idref="oc-df"/>
            <object_component_ref idref="oc-eb"/>
            <object_component_ref idref="oc-175"/>
            <object_component_ref idref="oc-16f"/>
            <object_component_ref idref="oc-e5"/>
            <object_component_ref idref="oc-103"/>
            <object_component_ref idref="oc-26"/>
            <object_component_ref idref="oc-57"/>
            <object_component_ref idref="oc-9a"/>
            <object_component_ref idref="oc-112"/>
         </contents>
      </logical_group>
      <logical_group id="lg-206" display="never" color="cyan">
         <name>.debug_pubtypes</name>
         <load_address>0x0</load_address>
         <run_address>0x0</run_address>
         <size>0xa10</size>
         <contents>
            <object_component_ref idref="oc-71"/>
            <object_component_ref idref="oc-37"/>
            <object_component_ref idref="oc-ae"/>
            <object_component_ref idref="oc-76"/>
            <object_component_ref idref="oc-17f"/>
            <object_component_ref idref="oc-14f"/>
            <object_component_ref idref="oc-1a7"/>
         </contents>
      </logical_group>
      <logical_group id="lg-211" display="no" color="cyan">
         <name>Veneer$$CMSE</name>
         <run_address>0x0</run_address>
         <size>0x0</size>
         <contents>
         </contents>
      </logical_group>
      <load_segment id="lg-218" display="no" color="cyan">
         <name>SEGMENT_0</name>
         <load_address>0x0</load_address>
         <run_address>0x0</run_address>
         <size>0xb80</size>
         <flags>0x5</flags>
         <contents>
            <logical_group_ref idref="lg-3"/>
            <logical_group_ref idref="lg-4"/>
            <logical_group_ref idref="lg-5"/>
         </contents>
      </load_segment>
      <load_segment id="lg-219" display="no" color="cyan">
         <name>SEGMENT_1</name>
         <run_address>0x20000000</run_address>
         <size>0x200</size>
         <flags>0x6</flags>
         <contents>
            <logical_group_ref idref="lg-d"/>
         </contents>
      </load_segment>
   </logical_group_list>
   <placement_map>
      <memory_area display="yes" color="green">
         <name>FLASH</name>
         <page_id>0x0</page_id>
         <origin>0x0</origin>
         <length>0x40000</length>
         <used_space>0xb80</used_space>
         <unused_space>0x3f480</unused_space>
         <attributes>RX</attributes>
         <usage_details>
            <allocated_space>
               <start_address>0x0</start_address>
               <size>0x26c</size>
               <logical_group_ref idref="lg-3"/>
            </allocated_space>
            <allocated_space>
               <start_address>0x26c</start_address>
               <size>0x818</size>
               <logical_group_ref idref="lg-4"/>
            </allocated_space>
            <allocated_space>
               <start_address>0xa84</start_address>
               <size>0xfc</size>
               <logical_group_ref idref="lg-5"/>
            </allocated_space>
            <available_space>
               <start_address>0xb80</start_address>
               <size>0x3f480</size>
            </available_space>
         </usage_details>
      </memory_area>
      <memory_area display="yes" color="green">
         <name>SRAM</name>
         <page_id>0x0</page_id>
         <origin>0x20000000</origin>
         <length>0x8000</length>
         <used_space>0x200</used_space>
         <unused_space>0x7e00</unused_space>
         <attributes>RWX</attributes>
         <usage_details>
            <allocated_space>
               <start_address>0x20000000</start_address>
               <size>0x0</size>
               <logical_group_ref idref="lg-1e9"/>
            </allocated_space>
            <allocated_space>
               <start_address>0x20000000</start_address>
               <size>0x200</size>
               <logical_group_ref idref="lg-d"/>
            </allocated_space>
            <available_space>
               <start_address>0x20000200</start_address>
               <size>0x7e00</size>
            </available_space>
         </usage_details>
      </memory_area>
   </placement_map>
   <symbol_table>
      <symbol id="sm-1">
         <name>__STACK_TOP</name>
         <value>0x20000200</value>
      </symbol>
      <symbol id="sm-2">
         <name>__start___llvm_prf_cnts</name>
         <value>0x20000000</value>
      </symbol>
      <symbol id="sm-3">
         <name>__stop___llvm_prf_cnts</name>
         <value>0x20000000</value>
      </symbol>
      <symbol id="sm-4">
         <name>binit</name>
         <value>0xffffffff</value>
      </symbol>
      <symbol id="sm-5">
         <name>__binit__</name>
         <value>0xffffffff</value>
      </symbol>
      <symbol id="sm-6">
         <name>__STACK_SIZE</name>
         <value>0x200</value>
      </symbol>
      <symbol id="sm-7">
         <name>__STACK_END</name>
         <value>0x20000200</value>
      </symbol>
      <symbol id="sm-8">
         <name>__c_args__</name>
         <value>0xffffffff</value>
      </symbol>
      <symbol id="sm-9">
         <name>__TI_pprof_out_hndl</name>
         <value>0xffffffff</value>
      </symbol>
      <symbol id="sm-a">
         <name>__TI_prof_data_start</name>
         <value>0xffffffff</value>
      </symbol>
      <symbol id="sm-b">
         <name>__TI_prof_data_size</name>
         <value>0xffffffff</value>
      </symbol>
      <symbol id="sm-c">
         <name>__TI_static_base__</name>
         <value>0x0</value>
      </symbol>
      <symbol id="sm-5e">
         <name>main</name>
         <value>0x26d</value>
         <object_component_ref idref="oc-9b"/>
      </symbol>
      <symbol id="sm-7a">
         <name>ResetISR</name>
         <value>0xa51</value>
         <object_component_ref idref="oc-27"/>
      </symbol>
      <symbol id="sm-7b">
         <name>g_pfnVectors</name>
         <value>0x0</value>
         <object_component_ref idref="oc-12"/>
      </symbol>
      <symbol id="sm-d8">
         <name>GPIOPinConfigure</name>
         <value>0x8c5</value>
         <object_component_ref idref="oc-cf"/>
      </symbol>
      <symbol id="sm-d9">
         <name>GPIOPinTypeGPIOInput</name>
         <value>0xa2d</value>
         <object_component_ref idref="oc-ed"/>
      </symbol>
      <symbol id="sm-da">
         <name>GPIOPinTypeUART</name>
         <value>0xa3f</value>
         <object_component_ref idref="oc-d5"/>
      </symbol>
      <symbol id="sm-db">
         <name>GPIOPinTypeGPIOOutput</name>
         <value>0xa01</value>
         <object_component_ref idref="oc-f3"/>
      </symbol>
      <symbol id="sm-dc">
         <name>GPIOPinRead</name>
         <value>0xa67</value>
         <object_component_ref idref="oc-f9"/>
      </symbol>
      <symbol id="sm-dd">
         <name>GPIODirModeSet</name>
         <value>0x9b5</value>
         <object_component_ref idref="oc-15a"/>
      </symbol>
      <symbol id="sm-de">
         <name>GPIOPinWrite</name>
         <value>0xa6d</value>
         <object_component_ref idref="oc-105"/>
      </symbol>
      <symbol id="sm-df">
         <name>GPIOPadConfigSet</name>
         <value>0x58d</value>
         <object_component_ref idref="oc-160"/>
      </symbol>
      <symbol id="sm-132">
         <name>SysCtlClockSet</name>
         <value>0x7d1</value>
         <object_component_ref idref="oc-c3"/>
      </symbol>
      <symbol id="sm-133">
         <name>SysCtlDelay</name>
         <value>0xa73</value>
         <object_component_ref idref="oc-10b"/>
      </symbol>
      <symbol id="sm-134">
         <name>SysCtlPeripheralEnable</name>
         <value>0x955</value>
         <object_component_ref idref="oc-c9"/>
      </symbol>
      <symbol id="sm-135">
         <name>SysCtlClockGet</name>
         <value>0x6c1</value>
         <object_component_ref idref="oc-db"/>
      </symbol>
      <symbol id="sm-167">
         <name>UARTConfigSetExpClk</name>
         <value>0x90d</value>
         <object_component_ref idref="oc-e1"/>
      </symbol>
      <symbol id="sm-168">
         <name>UARTDisable</name>
         <value>0x9e1</value>
         <object_component_ref idref="oc-16b"/>
      </symbol>
      <symbol id="sm-169">
         <name>UARTCharPut</name>
         <value>0xa5d</value>
         <object_component_ref idref="oc-ff"/>
      </symbol>
      <symbol id="sm-16a">
         <name>UARTEnable</name>
         <value>0xa19</value>
         <object_component_ref idref="oc-171"/>
      </symbol>
      <symbol id="sm-16b">
         <name>UARTIntClear</name>
         <value>0xa79</value>
         <object_component_ref idref="oc-e7"/>
      </symbol>
      <symbol id="sm-181">
         <name>_c_int00_noinit_noargs</name>
         <value>0x989</value>
         <object_component_ref idref="oc-53"/>
      </symbol>
      <symbol id="sm-182">
         <name>__stack</name>
         <value>0x20000000</value>
         <object_component_ref idref="oc-24"/>
      </symbol>
      <symbol id="sm-18f">
         <name>_system_pre_init</name>
         <value>0xa7d</value>
         <object_component_ref idref="oc-95"/>
      </symbol>
      <symbol id="sm-19b">
         <name>C$$EXIT</name>
         <value>0xa81</value>
         <object_component_ref idref="oc-10d"/>
      </symbol>
      <symbol id="sm-19c">
         <name>abort</name>
         <value>0xa81</value>
         <object_component_ref idref="oc-10d"/>
      </symbol>
      <symbol id="sm-19f">
         <name>__mpu_init</name>
         <value>0x0</value>
      </symbol>
   </symbol_table>
   <title>Link successful</title>
</link_info>
