<?xml version="1.0" encoding="UTF-8"?>
<project-private xmlns="http://www.netbeans.org/ns/project-private/1">
    <editor-bookmarks xmlns="http://www.netbeans.org/ns/editor-bookmarks/2" lastBookmarkId="0"/>
    <open-files xmlns="http://www.netbeans.org/ns/projectui-open-files/2">
        <group>
            <file>file:/C:/Users/hurta/Downloads/UNIVERSIDAD/DIGITAL2/github/Digital2/Digital2/MiniProyecto2/MiniProyecto2.X/RTC.c</file>
            <file>file:/C:/Users/hurta/Downloads/UNIVERSIDAD/DIGITAL2/github/Digital2/Digital2/MiniProyecto2/MiniProyecto2.X/main.c</file>
            <file>file:/C:/Users/hurta/Downloads/UNIVERSIDAD/DIGITAL2/github/Digital2/Digital2/MiniProyecto2/MiniProyecto2.X/I2C.c</file>
            <file>file:/C:/Users/hurta/Downloads/UNIVERSIDAD/DIGITAL2/github/Digital2/Digital2/MiniProyecto2/MiniProyecto2.X/RTC.h</file>
        </group>
    </open-files>
</project-private>
